cust_id,customer_firstname,customer_lastname
1,Derek,Ferguson
2,Calvin,Atkinson
3,Daniel,Brown
4,Mitchell,Lopez
5,Brittany,Olson
6,Nicholas,Richardson
7,Teresa,Thompson
8,William,Norman
9,Jose,Sutton
10,Keith,Alexander
11,Michael,White
12,Christine,Mathis
13,Paul,Lee
14,Brittany,Munoz
15,Eric,Walsh
16,Victoria,Gomez
17,Alicia,Richardson
18,Joshua,Walker
19,Melanie,Ruiz
20,Jenna,Moore
21,Vanessa,Young
22,Ruben,Maddox
23,Lisa,Hull
24,Travis,Miller
25,Rebecca,Davis
26,Kerry,Brewer
27,Christopher,Clarke
28,Walter,Vaughn
29,Chad,Lopez
30,Kimberly,Hernandez
31,Donald,Rodriguez
32,Julia,Welch
33,Victor,Vincent
34,Mitchell,Woods
35,Ashley,Smith
36,Mitchell,Miller
37,Brianna,Jones
38,Diana,Martin
39,Kelly,Martinez
40,Kimberly,Bell
41,Jennifer,Rivera
42,Dana,Beck
43,Shawn,Allen
44,Zachary,Murray
45,Mark,Fowler
46,Destiny,Jones
47,Kimberly,Miller
48,Gabriela,Sherman
49,William,Shah
50,Shawn,Newton
51,Michaela,Benitez
52,Ryan,Baker
53,Kelly,King
54,Amy,Alexander
55,Timothy,Davila
56,Dave,Hall
57,Shane,Reed
58,Michael,Moore
